,date,orders_N4,today_orders,orders_N3,month_N3,day_week_N3,temperature_N3,precipitation_N3,condition_N3,holiday_N3
70,2016-03-15,3.0,4.0,19.0,3,5,5,0.0,0,0
74,2016-03-19,4.0,13.0,3.0,3,2,8,0.0,0,0
75,2016-03-20,2.0,6.0,4.0,3,3,8,0.0,0,0
76,2016-03-21,4.0,3.0,1.0,3,4,8,0.1,1,0
77,2016-03-22,19.0,3.0,6.0,3,5,10,0.3,1,0
78,2016-03-23,13.0,4.0,6.0,3,6,9,0.0,0,0
79,2016-03-24,6.0,1.0,8.0,3,7,8,0.2,1,0
80,2016-03-25,3.0,6.0,7.0,3,1,8,0.9,1,0
81,2016-03-26,3.0,6.0,6.0,3,2,8,0.2,1,0
82,2016-03-27,4.0,8.0,3.0,3,3,8,0.1,1,0
83,2016-03-28,1.0,7.0,1.0,3,4,9,0.0,0,0
84,2016-03-29,6.0,6.0,10.0,4,5,8,0.0,0,0
85,2016-03-30,6.0,3.0,11.0,4,6,10,0.0,0,0
86,2016-03-31,8.0,1.0,3.0,4,7,11,0.1,1,0
88,2016-04-02,6.0,11.0,2.0,4,2,11,0.0,0,0
89,2016-04-03,3.0,3.0,2.0,4,3,9,0.0,0,0
91,2016-04-05,10.0,2.0,5.0,4,5,8,0.1,1,0
92,2016-04-06,11.0,2.0,16.0,4,6,8,0.1,1,0
93,2016-04-07,3.0,4.0,3.0,4,7,8,0.0,0,0
95,2016-04-09,2.0,16.0,6.0,4,2,11,0.2,1,0
96,2016-04-10,2.0,3.0,3.0,4,3,11,0.0,0,0
98,2016-04-12,5.0,6.0,6.0,4,5,10,0.6,1,0
99,2016-04-13,16.0,3.0,8.0,4,6,6,0.0,0,0
100,2016-04-14,3.0,9.0,3.0,4,7,7,0.0,0,0
103,2016-04-17,3.0,3.0,7.0,4,3,9,0.0,0,0
104,2016-04-18,9.0,4.0,3.0,4,4,10,0.0,0,0
106,2016-04-20,8.0,7.0,12.0,4,6,7,0.1,1,0
107,2016-04-21,3.0,3.0,7.0,4,7,7,0.0,0,0
108,2016-04-22,4.0,11.0,1.0,4,1,7,0.1,1,1
110,2016-04-24,7.0,7.0,3.0,4,3,6,0.0,0,0
111,2016-04-25,3.0,1.0,4.0,4,4,7,0.2,1,1
112,2016-04-26,11.0,1.0,8.0,4,5,8,0.3,1,0
113,2016-04-27,12.0,3.0,8.0,4,6,8,0.0,0,0
114,2016-04-28,7.0,4.0,2.0,5,7,10,0.0,0,0
115,2016-04-29,1.0,8.0,10.0,5,1,12,0.0,0,1
116,2016-04-30,1.0,8.0,3.0,5,2,10,0.0,0,0
118,2016-05-02,4.0,10.0,4.0,5,4,14,0.0,0,0
119,2016-05-03,8.0,3.0,12.0,5,5,16,0.0,0,0
121,2016-05-05,2.0,4.0,5.0,5,7,20,0.0,0,0
122,2016-05-06,10.0,12.0,4.0,5,1,18,0.1,1,0
123,2016-05-07,3.0,5.0,4.0,5,2,16,0.3,1,0
125,2016-05-09,4.0,4.0,3.0,5,4,17,0.0,0,0
126,2016-05-10,12.0,4.0,13.0,5,5,13,0.0,0,0
127,2016-05-11,5.0,4.0,10.0,5,6,10,0.0,0,0
128,2016-05-12,5.0,3.0,5.0,5,7,12,0.0,0,0
129,2016-05-13,4.0,13.0,4.0,5,1,13,0.0,0,0
130,2016-05-14,4.0,10.0,2.0,5,2,13,0.0,0,0
131,2016-05-15,4.0,5.0,2.0,5,3,12,0.2,1,0
132,2016-05-16,3.0,4.0,6.0,5,4,13,0.0,0,0
133,2016-05-17,13.0,2.0,6.0,5,5,15,0.0,0,0
134,2016-05-18,10.0,2.0,9.0,5,6,15,0.0,0,0
135,2016-05-19,5.0,6.0,2.0,5,7,15,0.0,0,0
136,2016-05-20,4.0,6.0,5.0,5,1,15,0.0,0,0
137,2016-05-21,2.0,9.0,5.0,5,2,12,0.0,0,0
138,2016-05-22,2.0,2.0,3.0,5,3,10,0.0,0,0
139,2016-05-23,6.0,5.0,6.0,5,4,14,0.0,0,0
140,2016-05-24,6.0,5.0,15.0,5,5,15,0.0,0,0
141,2016-05-25,9.0,3.0,15.0,5,6,14,0.0,0,0
142,2016-05-26,2.0,6.0,1.0,5,7,14,0.0,0,0
143,2016-05-27,5.0,15.0,8.0,5,1,14,0.0,0,1
144,2016-05-28,5.0,15.0,6.0,5,2,12,0.7,1,0
145,2016-05-29,3.0,1.0,5.0,6,3,12,0.1,1,0
146,2016-05-30,6.0,8.0,5.0,6,4,11,0.0,0,0
147,2016-05-31,15.0,6.0,9.0,6,5,11,0.0,0,0
148,2016-06-01,15.0,5.0,11.0,6,6,15,0.0,0,0
149,2016-06-02,1.0,5.0,3.0,6,7,17,0.0,0,0
150,2016-06-03,8.0,9.0,3.0,6,1,17,0.0,0,0
151,2016-06-04,6.0,11.0,2.0,6,2,18,0.2,1,0
152,2016-06-05,5.0,3.0,2.0,6,3,18,0.7,1,0
153,2016-06-06,5.0,3.0,3.0,6,4,16,0.0,0,0
154,2016-06-07,9.0,2.0,15.0,6,5,18,0.0,0,0
155,2016-06-08,11.0,2.0,6.0,6,6,18,0.0,0,0
156,2016-06-09,3.0,3.0,8.0,6,7,16,0.2,1,0
157,2016-06-10,3.0,15.0,3.0,6,1,16,0.1,1,0
158,2016-06-11,2.0,6.0,3.0,6,2,15,0.4,1,0
159,2016-06-12,2.0,8.0,3.0,6,3,16,0.0,0,0
160,2016-06-13,3.0,3.0,2.0,6,4,15,0.1,1,0
161,2016-06-14,15.0,3.0,10.0,6,5,15,0.4,1,0
162,2016-06-15,6.0,3.0,4.0,6,6,14,0.2,1,0
163,2016-06-16,8.0,2.0,10.0,6,7,16,0.0,0,0
198,2016-07-21,7.0,10.0,5.0,7,7,20,0.0,0,0
199,2016-07-22,3.0,9.0,6.0,7,1,19,0.0,0,0
200,2016-07-23,5.0,9.0,1.0,7,2,18,0.0,0,0
201,2016-07-24,1.0,5.0,1.0,7,3,19,0.0,0,0
202,2016-07-25,10.0,6.0,2.0,7,4,18,0.0,0,0
203,2016-07-26,9.0,1.0,11.0,7,5,18,0.0,0,0
204,2016-07-27,9.0,1.0,7.0,7,6,18,0.0,0,0
205,2016-07-28,5.0,2.0,5.0,7,7,18,0.0,0,0
207,2016-07-30,1.0,7.0,7.0,8,2,18,0.5,1,0
208,2016-07-31,1.0,5.0,13.0,8,3,20,0.0,0,0
210,2016-08-02,11.0,7.0,14.0,8,5,18,0.0,0,0
211,2016-08-03,7.0,13.0,9.0,8,6,19,0.0,0,0
212,2016-08-04,5.0,4.0,5.0,8,7,21,0.0,0,0
214,2016-08-06,7.0,9.0,3.0,8,2,16,0.0,0,0
215,2016-08-07,13.0,5.0,3.0,8,3,15,0.0,0,0
216,2016-08-08,4.0,2.0,6.0,8,4,18,0.0,0,0
217,2016-08-09,14.0,3.0,9.0,8,5,20,0.0,0,0
218,2016-08-10,9.0,3.0,8.0,8,6,19,0.0,0,0
219,2016-08-11,5.0,6.0,5.0,8,7,19,0.0,0,0
220,2016-08-12,2.0,9.0,4.0,8,1,18,0.0,0,0
221,2016-08-13,3.0,8.0,5.0,8,2,18,0.0,0,0
222,2016-08-14,3.0,5.0,5.0,8,3,19,0.0,0,0
223,2016-08-15,6.0,4.0,3.0,8,4,19,0.0,0,0
224,2016-08-16,9.0,5.0,7.0,8,5,17,0.0,0,0
225,2016-08-17,8.0,5.0,13.0,8,6,17,0.1,1,0
226,2016-08-18,5.0,3.0,11.0,8,7,18,0.1,1,0
227,2016-08-19,4.0,7.0,8.0,8,1,20,0.0,0,0
228,2016-08-20,5.0,13.0,1.0,8,2,22,0.3,1,0
229,2016-08-21,5.0,11.0,7.0,8,3,24,0.0,0,0
230,2016-08-22,3.0,8.0,6.0,8,4,23,0.0,0,0
231,2016-08-23,7.0,1.0,14.0,8,5,22,0.0,0,0
232,2016-08-24,13.0,7.0,4.0,8,6,21,0.0,0,0
233,2016-08-25,11.0,6.0,8.0,8,7,19,0.2,1,0
234,2016-08-26,8.0,14.0,5.0,8,1,19,0.0,0,1
235,2016-08-27,1.0,4.0,5.0,8,2,19,0.0,0,0
236,2016-08-28,7.0,8.0,8.0,8,3,18,0.0,0,0
237,2016-08-29,6.0,5.0,3.0,9,4,18,0.0,0,0
238,2016-08-30,14.0,5.0,8.0,9,5,17,0.0,0,0
239,2016-08-31,4.0,8.0,17.0,9,6,17,0.1,1,0
240,2016-09-01,8.0,3.0,9.0,9,7,18,0.0,0,0
241,2016-09-02,5.0,8.0,4.0,9,1,18,0.0,0,0
242,2016-09-03,5.0,17.0,5.0,9,2,21,0.0,0,0
243,2016-09-04,8.0,9.0,4.0,9,3,22,0.0,0,0
244,2016-09-05,3.0,4.0,2.0,9,4,19,0.0,0,0
245,2016-09-06,8.0,5.0,10.0,9,5,18,0.0,0,0
246,2016-09-07,17.0,4.0,13.0,9,6,18,0.2,1,0
247,2016-09-08,9.0,2.0,4.0,9,7,15,0.0,0,0
248,2016-09-09,4.0,10.0,6.0,9,1,19,0.0,0,0
249,2016-09-10,5.0,13.0,3.0,9,2,24,0.0,0,0
250,2016-09-11,4.0,4.0,2.0,9,3,23,0.0,0,0
251,2016-09-12,2.0,6.0,4.0,9,4,22,0.2,1,0
252,2016-09-13,10.0,3.0,11.0,9,5,17,0.6,1,0
253,2016-09-14,13.0,2.0,11.0,9,6,15,0.0,0,0
254,2016-09-15,4.0,4.0,9.0,9,7,16,0.0,0,0
255,2016-09-16,6.0,11.0,6.0,9,1,17,0.0,0,0
256,2016-09-17,3.0,11.0,4.0,9,2,16,0.0,0,0
257,2016-09-18,2.0,9.0,6.0,9,3,18,0.0,0,0
258,2016-09-19,4.0,6.0,2.0,9,4,16,0.0,0,0
259,2016-09-20,11.0,4.0,9.0,9,5,14,0.0,0,0
260,2016-09-21,11.0,6.0,13.0,9,6,18,0.0,0,0
261,2016-09-22,9.0,2.0,10.0,9,7,17,0.0,0,0
262,2016-09-23,6.0,9.0,7.0,9,1,14,0.0,0,0
263,2016-09-24,4.0,13.0,4.0,9,2,16,0.0,0,0
264,2016-09-25,6.0,10.0,1.0,9,3,17,0.0,0,0
265,2016-09-26,2.0,7.0,6.0,9,4,17,0.1,1,0
266,2016-09-27,9.0,4.0,14.0,9,5,14,0.0,0,0
267,2016-09-28,13.0,1.0,20.0,10,6,12,0.2,1,0
268,2016-09-29,10.0,6.0,9.0,10,7,12,0.0,0,0
269,2016-09-30,7.0,14.0,3.0,10,1,12,0.0,0,0
270,2016-10-01,4.0,20.0,8.0,10,2,14,0.0,0,0
271,2016-10-02,1.0,9.0,1.0,10,3,14,0.0,0,0
272,2016-10-03,6.0,3.0,4.0,10,4,13,0.0,0,0
273,2016-10-04,14.0,8.0,14.0,10,5,13,0.0,0,0
274,2016-10-05,20.0,1.0,11.0,10,6,14,0.0,0,0
275,2016-10-06,9.0,4.0,9.0,10,7,12,0.0,0,0
276,2016-10-07,3.0,14.0,7.0,10,1,10,0.0,0,0
277,2016-10-08,8.0,11.0,1.0,10,2,10,0.0,0,0
278,2016-10-09,1.0,9.0,2.0,10,3,12,0.0,0,0
279,2016-10-10,4.0,7.0,11.0,10,4,11,0.1,1,0
280,2016-10-11,14.0,1.0,24.0,10,5,12,0.0,0,0
281,2016-10-12,11.0,2.0,18.0,10,6,12,0.2,1,0
282,2016-10-13,9.0,11.0,14.0,10,7,12,0.1,1,0
283,2016-10-14,7.0,24.0,8.0,10,1,13,0.3,1,0
284,2016-10-15,1.0,18.0,3.0,10,2,11,0.0,0,0
285,2016-10-16,2.0,14.0,3.0,10,3,11,0.0,0,0
286,2016-10-17,11.0,8.0,7.0,10,4,11,0.0,0,0
287,2016-10-18,24.0,3.0,10.0,10,5,11,0.0,0,0
288,2016-10-19,18.0,3.0,13.0,10,6,10,0.0,0,0
289,2016-10-20,14.0,7.0,17.0,10,7,10,0.0,0,0
290,2016-10-21,8.0,10.0,7.0,10,1,11,0.0,0,0
291,2016-10-22,3.0,13.0,4.0,10,2,11,0.0,0,0
292,2016-10-23,3.0,17.0,3.0,10,3,12,0.0,0,0
293,2016-10-24,7.0,7.0,6.0,10,4,12,0.1,1,0
294,2016-10-25,10.0,4.0,10.0,10,5,14,0.0,0,0
295,2016-10-26,13.0,3.0,14.0,10,6,13,0.0,0,0
296,2016-10-27,17.0,6.0,11.0,10,7,11,0.0,0,0
297,2016-10-28,7.0,10.0,8.0,10,1,13,0.0,0,0
298,2016-10-29,4.0,14.0,6.0,11,2,10,0.0,0,0
299,2016-10-30,3.0,11.0,5.0,11,3,7,0.0,0,0
300,2016-10-31,6.0,8.0,5.0,11,4,7,0.0,0,0
301,2016-11-01,10.0,6.0,9.0,11,5,8,0.3,1,0
302,2016-11-02,14.0,5.0,20.0,11,6,6,0.0,0,0
303,2016-11-03,11.0,5.0,12.0,11,7,5,0.1,1,0
304,2016-11-04,8.0,9.0,5.0,11,1,6,0.0,0,0
305,2016-11-05,6.0,20.0,6.0,11,2,3,0.0,0,0
306,2016-11-06,5.0,12.0,6.0,11,3,6,0.9,1,0
307,2016-11-07,5.0,5.0,9.0,11,4,6,0.0,0,0
308,2016-11-08,9.0,6.0,12.0,11,5,7,0.0,0,0
309,2016-11-09,20.0,6.0,16.0,11,6,9,0.3,1,0
310,2016-11-10,12.0,9.0,12.0,11,7,8,0.0,0,0
311,2016-11-11,5.0,12.0,4.0,11,1,9,0.0,0,0
312,2016-11-12,6.0,16.0,4.0,11,2,13,0.0,0,0
313,2016-11-13,6.0,12.0,7.0,11,3,12,0.0,0,0
314,2016-11-14,9.0,4.0,7.0,11,4,9,0.2,1,0
315,2016-11-15,12.0,4.0,9.0,11,5,5,0.0,0,0
316,2016-11-16,16.0,7.0,16.0,11,6,4,0.0,0,0
317,2016-11-17,12.0,7.0,11.0,11,7,7,0.7,1,0
318,2016-11-18,4.0,9.0,8.0,11,1,9,0.6,1,0
319,2016-11-19,4.0,16.0,6.0,11,2,9,0.0,0,0
320,2016-11-20,7.0,11.0,6.0,11,3,9,0.0,0,0
321,2016-11-21,7.0,8.0,5.0,11,4,10,0.0,0,0
322,2016-11-22,9.0,6.0,12.0,11,5,8,0.0,0,0
323,2016-11-23,16.0,6.0,16.0,11,6,6,0.0,0,0
324,2016-11-24,11.0,5.0,11.0,11,7,7,0.0,0,0
325,2016-11-25,8.0,12.0,4.0,11,1,6,0.0,0,0
326,2016-11-26,6.0,16.0,4.0,11,2,3,0.0,0,0
327,2016-11-27,6.0,11.0,8.0,11,3,1,0.0,0,0
328,2016-11-28,5.0,4.0,11.0,12,4,2,0.0,0,0
329,2016-11-29,12.0,4.0,13.0,12,5,6,0.0,0,0
330,2016-11-30,16.0,8.0,12.0,12,6,6,0.0,0,0
331,2016-12-01,11.0,11.0,10.0,12,7,5,0.0,0,0
332,2016-12-02,4.0,13.0,3.0,12,1,4,0.0,0,0
333,2016-12-03,4.0,12.0,6.0,12,2,7,0.0,0,0
334,2016-12-04,8.0,10.0,4.0,12,3,11,0.0,0,0
335,2016-12-05,11.0,3.0,4.0,12,4,11,0.0,0,0
336,2016-12-06,13.0,6.0,17.0,12,5,12,0.0,0,0
337,2016-12-07,12.0,4.0,16.0,12,6,12,0.1,1,0
338,2016-12-08,10.0,4.0,7.0,12,7,7,0.2,1,0
339,2016-12-09,3.0,17.0,3.0,12,1,7,0.0,0,0
340,2016-12-10,6.0,16.0,4.0,12,2,10,0.0,0,0
341,2016-12-11,4.0,7.0,1.0,12,3,10,0.0,0,0
342,2016-12-12,4.0,3.0,10.0,12,4,9,0.0,0,0
343,2016-12-13,17.0,4.0,15.0,12,5,9,0.0,0,0
344,2016-12-14,16.0,1.0,18.0,12,6,6,0.0,0,0
345,2016-12-15,7.0,10.0,11.0,12,7,7,0.0,0,0
346,2016-12-16,3.0,15.0,5.0,12,1,6,0.0,0,0
347,2016-12-17,4.0,18.0,9.0,12,2,5,0.0,0,0
348,2016-12-18,1.0,11.0,8.0,12,3,9,0.0,0,0
349,2016-12-19,10.0,5.0,5.0,12,4,7,0.0,0,0
350,2016-12-20,15.0,9.0,17.0,12,5,9,0.0,0,0
351,2016-12-21,18.0,8.0,10.0,12,6,8,0.0,0,0
352,2016-12-22,11.0,5.0,2.0,12,7,11,0.0,0,0
353,2016-12-23,5.0,17.0,2.0,12,1,7,0.0,0,1
354,2016-12-24,9.0,10.0,11.0,12,2,2,0.0,0,1
355,2016-12-25,8.0,2.0,12.0,12,3,2,0.0,0,0
356,2016-12-26,5.0,2.0,4.0,12,4,2,0.0,0,0
357,2016-12-27,17.0,11.0,9.0,12,5,2,0.0,0,0
358,2016-12-28,10.0,12.0,23.0,12,6,6,0.4,1,0
359,2016-12-29,2.0,4.0,11.0,1,7,6,0.4,1,1
360,2016-12-30,2.0,9.0,10.0,1,1,3,0.1,1,0
361,2016-12-31,11.0,23.0,9.0,1,2,2,0.0,0,0
362,2017-01-01,12.0,11.0,11.0,1,3,5,0.0,0,0
363,2017-01-02,4.0,10.0,3.0,1,4,2,0.0,0,0
364,2017-01-03,9.0,9.0,15.0,1,5,3,0.0,0,0
365,2017-01-04,23.0,11.0,16.0,1,6,8,0.2,1,0
366,2017-01-05,11.0,3.0,15.0,1,7,9,0.0,0,0
367,2017-01-06,10.0,15.0,5.0,1,1,8,0.1,1,0
368,2017-01-07,9.0,16.0,1.0,1,2,6,0.1,1,0
369,2017-01-08,11.0,15.0,5.0,1,3,8,0.0,0,0
370,2017-01-09,3.0,5.0,8.0,1,4,5,0.7,1,0
371,2017-01-10,15.0,1.0,8.0,1,5,3,0.1,1,0
372,2017-01-11,16.0,5.0,10.0,1,6,2,0.0,0,0
373,2017-01-12,15.0,8.0,8.0,1,7,5,0.2,1,0
374,2017-01-13,5.0,8.0,6.0,1,1,5,0.2,1,0
375,2017-01-14,1.0,10.0,1.0,1,2,3,0.0,0,0
376,2017-01-15,5.0,8.0,12.0,1,3,1,0.0,0,0
377,2017-01-16,8.0,6.0,8.0,1,4,3,0.0,0,0
378,2017-01-17,8.0,1.0,11.0,1,5,3,0.0,0,0
379,2017-01-18,10.0,12.0,16.0,1,6,1,0.0,0,0
380,2017-01-19,8.0,8.0,2.0,1,7,0,0.0,0,0
381,2017-01-20,6.0,11.0,8.0,1,1,1,0.0,0,0
382,2017-01-21,1.0,16.0,3.0,1,2,3,0.0,0,0
383,2017-01-22,12.0,2.0,11.0,1,3,1,0.0,0,0
384,2017-01-23,8.0,8.0,10.0,1,4,0,0.0,0,0
385,2017-01-24,11.0,3.0,21.0,1,5,3,0.0,0,0
386,2017-01-25,16.0,11.0,19.0,1,6,7,0.0,0,0
387,2017-01-26,2.0,10.0,3.0,1,7,6,0.2,1,0
388,2017-01-27,8.0,21.0,2.0,1,1,7,0.4,1,0
389,2017-01-28,3.0,19.0,10.0,1,2,6,0.0,0,0
390,2017-01-29,11.0,3.0,11.0,2,3,10,0.3,1,0
391,2017-01-30,10.0,2.0,2.0,2,4,10,0.0,0,0
392,2017-01-31,21.0,10.0,9.0,2,5,8,0.0,0,0
393,2017-02-01,19.0,11.0,17.0,2,6,5,0.1,1,0
394,2017-02-02,3.0,2.0,9.0,2,7,5,0.0,0,0
395,2017-02-03,2.0,9.0,4.0,2,1,5,0.0,0,0
396,2017-02-04,10.0,17.0,4.0,2,2,7,0.2,1,0
397,2017-02-05,11.0,9.0,7.0,2,3,4,0.0,0,0
398,2017-02-06,2.0,4.0,9.0,2,4,2,0.0,0,0
399,2017-02-07,9.0,4.0,10.0,2,5,2,0.0,0,0
400,2017-02-08,17.0,7.0,13.0,2,6,2,0.0,0,0
401,2017-02-09,9.0,9.0,6.0,2,7,3,0.0,0,0
402,2017-02-10,4.0,10.0,5.0,2,1,6,0.0,0,0
403,2017-02-11,4.0,13.0,16.0,2,2,7,0.0,0,0
404,2017-02-12,7.0,6.0,5.0,2,3,9,0.0,0,0
405,2017-02-13,9.0,5.0,6.0,2,4,8,0.0,0,0
406,2017-02-14,10.0,16.0,19.0,2,5,9,0.0,0,0
407,2017-02-15,13.0,5.0,17.0,2,6,8,0.0,0,0
408,2017-02-16,6.0,6.0,5.0,2,7,8,0.0,0,0
409,2017-02-17,5.0,19.0,3.0,2,1,12,0.0,0,0
410,2017-02-18,16.0,17.0,3.0,2,2,11,0.0,0,0
411,2017-02-19,5.0,5.0,6.0,2,3,12,0.0,0,0
412,2017-02-20,6.0,3.0,7.0,2,4,9,0.0,0,0
413,2017-02-21,19.0,3.0,10.0,2,5,6,0.0,0,0
414,2017-02-22,17.0,6.0,15.0,2,6,8,0.0,0,0
415,2017-02-23,5.0,7.0,4.0,2,7,10,0.0,0,0
416,2017-02-24,3.0,10.0,4.0,2,1,7,0.6,1,0
417,2017-02-25,3.0,15.0,1.0,2,2,5,0.1,1,0
418,2017-02-26,6.0,4.0,8.0,3,3,7,0.0,0,0
419,2017-02-27,7.0,4.0,7.0,3,4,8,0.0,0,0
420,2017-02-28,10.0,1.0,6.0,3,5,8,0.1,1,0
421,2017-03-01,15.0,8.0,12.0,3,6,9,0.0,0,0
422,2017-03-02,4.0,7.0,8.0,3,7,7,0.2,1,0
423,2017-03-03,4.0,6.0,1.0,3,1,7,0.0,0,0
424,2017-03-04,1.0,12.0,5.0,3,2,7,0.0,0,0
425,2017-03-05,8.0,8.0,4.0,3,3,11,0.1,1,0
426,2017-03-06,7.0,1.0,4.0,3,4,13,0.0,0,0
427,2017-03-07,6.0,5.0,12.0,3,5,9,0.0,0,0
428,2017-03-08,12.0,4.0,12.0,3,6,13,0.0,0,0
429,2017-03-09,8.0,4.0,7.0,3,7,11,0.1,1,0
430,2017-03-10,1.0,12.0,5.0,3,1,11,0.0,0,0
431,2017-03-11,5.0,12.0,4.0,3,2,11,0.0,0,0
432,2017-03-12,4.0,7.0,8.0,3,3,12,0.0,0,0
433,2017-03-13,4.0,5.0,8.0,3,4,10,0.0,0,0
434,2017-03-14,12.0,4.0,20.0,3,5,9,0.0,0,0
435,2017-03-15,12.0,8.0,15.0,3,6,12,0.0,0,0
436,2017-03-16,7.0,8.0,9.0,3,7,13,0.0,0,0
437,2017-03-17,5.0,20.0,6.0,3,1,11,0.1,1,0
438,2017-03-18,4.0,15.0,6.0,3,2,8,0.0,0,0
439,2017-03-19,8.0,9.0,4.0,3,3,7,0.1,1,0
440,2017-03-20,8.0,6.0,3.0,3,4,8,0.2,1,0
441,2017-03-21,20.0,6.0,17.0,3,5,9,0.0,0,0
442,2017-03-22,15.0,4.0,10.0,3,6,9,0.0,0,0
443,2017-03-23,9.0,3.0,14.0,3,7,10,0.0,0,0
444,2017-03-24,6.0,17.0,4.0,3,1,10,0.0,0,0
445,2017-03-25,6.0,10.0,7.0,3,2,11,0.0,0,0
446,2017-03-26,4.0,14.0,6.0,3,3,13,0.0,0,0
447,2017-03-27,3.0,4.0,9.0,3,4,16,0.0,0,0
448,2017-03-28,17.0,7.0,15.0,3,5,13,0.0,0,0
449,2017-03-29,10.0,6.0,23.0,4,6,12,0.0,0,0
450,2017-03-30,14.0,9.0,12.0,4,7,11,0.0,0,0
451,2017-03-31,4.0,15.0,5.0,4,1,11,0.0,0,0
452,2017-04-01,7.0,23.0,6.0,4,2,11,0.0,0,0
453,2017-04-02,6.0,12.0,7.0,4,3,11,0.0,0,0
454,2017-04-03,9.0,5.0,6.0,4,4,12,0.0,0,0
455,2017-04-04,15.0,6.0,15.0,4,5,12,0.0,0,0
456,2017-04-05,23.0,7.0,14.0,4,6,13,0.0,0,0
457,2017-04-06,12.0,6.0,14.0,4,7,16,0.0,0,0
458,2017-04-07,5.0,15.0,2.0,4,1,11,0.0,0,0
459,2017-04-08,6.0,14.0,8.0,4,2,11,0.0,0,0
460,2017-04-09,7.0,14.0,11.0,4,3,11,0.0,0,0
461,2017-04-10,6.0,2.0,11.0,4,4,10,0.0,0,0
462,2017-04-11,15.0,8.0,14.0,4,5,11,0.0,0,1
463,2017-04-12,14.0,11.0,16.0,4,6,12,0.0,0,0
464,2017-04-13,14.0,11.0,11.0,4,7,11,0.0,0,0
465,2017-04-14,2.0,14.0,15.0,4,1,10,0.0,0,1
466,2017-04-15,8.0,16.0,5.0,4,2,8,0.0,0,0
467,2017-04-16,11.0,11.0,5.0,4,3,9,0.0,0,0
468,2017-04-17,11.0,15.0,5.0,4,4,11,0.0,0,0
469,2017-04-18,14.0,5.0,11.0,4,5,12,0.0,0,0
470,2017-04-19,16.0,5.0,25.0,4,6,12,0.0,0,0
471,2017-04-20,11.0,5.0,7.0,4,7,11,0.0,0,0
472,2017-04-21,15.0,11.0,7.0,4,1,10,0.0,0,0
473,2017-04-22,5.0,25.0,3.0,4,2,6,0.0,0,0
474,2017-04-23,5.0,7.0,12.0,4,3,6,0.0,0,0
475,2017-04-24,5.0,7.0,5.0,4,4,7,0.0,0,0
476,2017-04-25,11.0,3.0,18.0,4,5,10,0.0,0,0
477,2017-04-26,25.0,12.0,19.0,4,6,11,0.0,0,0
478,2017-04-27,7.0,5.0,9.0,4,7,13,0.0,0,0
479,2017-04-28,7.0,18.0,5.0,5,1,10,0.1,1,1
480,2017-04-29,3.0,19.0,6.0,5,2,12,0.0,0,0
481,2017-04-30,12.0,9.0,4.0,5,3,9,0.0,0,0
482,2017-05-01,5.0,5.0,8.0,5,4,11,0.0,0,0
483,2017-05-02,18.0,6.0,20.0,5,5,11,0.0,0,0
484,2017-05-03,19.0,4.0,14.0,5,6,12,0.0,0,0
485,2017-05-04,9.0,8.0,11.0,5,7,12,0.0,0,0
486,2017-05-05,5.0,20.0,10.0,5,1,10,0.0,0,0
487,2017-05-06,6.0,14.0,6.0,5,2,10,0.0,0,0
488,2017-05-07,4.0,11.0,6.0,5,3,11,0.0,0,0
489,2017-05-08,8.0,10.0,8.0,5,4,14,0.0,0,0
490,2017-05-09,20.0,6.0,12.0,5,5,14,0.0,0,0
491,2017-05-10,14.0,6.0,13.0,5,6,14,0.0,0,0
492,2017-05-11,11.0,8.0,9.0,5,7,14,0.2,1,0
493,2017-05-12,10.0,12.0,5.0,5,1,14,0.0,0,0
494,2017-05-13,6.0,13.0,7.0,5,2,18,0.0,0,0
495,2017-05-14,6.0,9.0,6.0,5,3,15,1.0,1,0
496,2017-05-15,8.0,5.0,8.0,5,4,12,0.4,1,0
497,2017-05-16,12.0,7.0,13.0,5,5,11,0.4,1,0
498,2017-05-17,13.0,6.0,11.0,5,6,12,0.1,1,0
499,2017-05-18,9.0,8.0,1.0,5,7,15,0.0,0,0
501,2017-05-20,7.0,11.0,12.0,5,2,16,0.0,0,0
502,2017-05-21,6.0,1.0,7.0,5,3,19,0.0,0,0
504,2017-05-23,13.0,12.0,14.0,5,5,20,0.0,0,0
505,2017-05-24,11.0,7.0,14.0,5,6,19,0.0,0,0
506,2017-05-25,1.0,8.0,7.0,5,7,17,0.2,1,0
508,2017-05-27,12.0,14.0,7.0,5,2,17,0.0,0,0
509,2017-05-28,7.0,7.0,8.0,5,3,17,0.0,0,0
510,2017-05-29,8.0,16.0,5.0,6,4,19,0.0,0,0
511,2017-05-30,14.0,7.0,16.0,6,5,19,0.1,1,0
512,2017-05-31,14.0,8.0,14.0,6,6,17,0.0,0,0
513,2017-06-01,7.0,5.0,18.0,6,7,15,0.0,0,0
514,2017-06-02,16.0,16.0,7.0,6,1,14,0.0,0,0
515,2017-06-03,7.0,14.0,4.0,6,2,12,0.7,1,0
516,2017-06-04,8.0,18.0,9.0,6,3,14,0.2,1,0
517,2017-06-05,5.0,7.0,9.0,6,4,15,0.0,0,0
518,2017-06-06,16.0,4.0,12.0,6,5,16,0.0,0,0
519,2017-06-07,14.0,9.0,9.0,6,6,18,0.0,0,0
520,2017-06-08,18.0,9.0,15.0,6,7,18,0.0,0,0
521,2017-06-09,7.0,12.0,4.0,6,1,15,0.0,0,0
522,2017-06-10,4.0,9.0,8.0,6,2,17,0.0,0,0
523,2017-06-11,9.0,15.0,6.0,6,3,20,0.0,0,0
524,2017-06-12,9.0,4.0,6.0,6,4,19,0.0,0,0
525,2017-06-13,12.0,8.0,7.0,6,5,18,0.0,0,0
526,2017-06-14,9.0,6.0,8.0,6,6,23,0.0,0,0
527,2017-06-15,15.0,6.0,12.0,6,7,24,0.0,0,0
528,2017-06-16,4.0,7.0,4.0,6,1,25,0.0,0,0
529,2017-06-17,8.0,8.0,7.0,6,2,23,0.0,0,0
530,2017-06-18,6.0,12.0,5.0,6,3,24,0.0,0,0
531,2017-06-19,6.0,4.0,7.0,6,4,21,0.0,0,0
532,2017-06-20,7.0,7.0,23.0,6,5,19,0.0,0,0
533,2017-06-21,8.0,5.0,14.0,6,6,19,0.0,0,0
534,2017-06-22,12.0,7.0,16.0,6,7,18,0.0,0,0
535,2017-06-23,4.0,23.0,9.0,6,1,18,0.0,0,0
536,2017-06-24,7.0,14.0,12.0,6,2,17,0.4,1,0
537,2017-06-25,5.0,16.0,6.0,6,3,15,0.5,1,0
538,2017-06-26,7.0,9.0,8.0,6,4,15,0.0,0,0
539,2017-06-27,23.0,12.0,17.0,6,5,18,0.0,0,0
540,2017-06-28,14.0,6.0,16.0,7,6,18,0.0,0,0
541,2017-06-29,16.0,8.0,12.0,7,7,18,0.0,0,0
542,2017-06-30,9.0,17.0,11.0,7,1,19,0.0,0,0
543,2017-07-01,12.0,16.0,12.0,7,2,19,0.0,0,0
544,2017-07-02,6.0,12.0,8.0,7,3,21,0.0,0,0
545,2017-07-03,8.0,11.0,10.0,7,4,24,0.0,0,0
546,2017-07-04,17.0,12.0,8.0,7,5,23,0.3,1,0
547,2017-07-05,16.0,8.0,14.0,7,6,21,0.0,0,0
548,2017-07-06,12.0,10.0,19.0,7,7,22,0.0,0,0
549,2017-07-07,11.0,8.0,8.0,7,1,21,0.0,0,0
550,2017-07-08,12.0,14.0,5.0,7,2,16,0.2,1,0
551,2017-07-09,8.0,19.0,8.0,7,3,17,1.2,1,0
552,2017-07-10,10.0,8.0,10.0,7,4,17,0.0,0,0
553,2017-07-11,8.0,5.0,20.0,7,5,17,0.0,0,0
554,2017-07-12,14.0,8.0,18.0,7,6,18,0.0,0,0
555,2017-07-13,19.0,10.0,11.0,7,7,21,0.0,0,0
556,2017-07-14,8.0,20.0,7.0,7,1,21,0.0,0,0
557,2017-07-15,5.0,18.0,11.0,7,2,21,0.0,0,0
558,2017-07-16,8.0,11.0,11.0,7,3,20,0.2,1,0
559,2017-07-17,10.0,7.0,8.0,7,4,18,0.0,0,0
560,2017-07-18,20.0,11.0,13.0,7,5,18,0.0,0,0
561,2017-07-19,18.0,11.0,20.0,7,6,14,0.7,1,0
562,2017-07-20,11.0,8.0,8.0,7,7,15,0.0,0,0
563,2017-07-21,7.0,13.0,5.0,7,1,16,0.0,0,0
564,2017-07-22,11.0,20.0,5.0,7,2,17,0.0,0,0
565,2017-07-23,11.0,8.0,6.0,7,3,17,0.0,0,0
566,2017-07-24,8.0,5.0,12.0,7,4,16,0.2,1,0
567,2017-07-25,13.0,5.0,16.0,7,5,16,0.1,1,0
568,2017-07-26,20.0,6.0,14.0,7,6,17,0.2,1,0
569,2017-07-27,8.0,12.0,14.0,7,7,17,1.0,1,0
570,2017-07-28,5.0,16.0,2.0,7,1,17,0.0,0,0
571,2017-07-29,5.0,14.0,6.0,8,2,17,0.0,0,0
572,2017-07-30,6.0,14.0,12.0,8,3,17,0.3,1,0
573,2017-07-31,12.0,2.0,6.0,8,4,18,0.0,0,0
574,2017-08-01,16.0,6.0,14.0,8,5,18,0.0,0,0
575,2017-08-02,14.0,12.0,19.0,8,6,17,0.0,0,0
576,2017-08-03,14.0,6.0,10.0,8,7,16,0.0,0,0
577,2017-08-04,2.0,14.0,6.0,8,1,16,0.0,0,0
578,2017-08-05,6.0,19.0,4.0,8,2,15,0.0,0,0
579,2017-08-06,12.0,10.0,7.0,8,3,14,1.2,1,0
580,2017-08-07,6.0,6.0,7.0,8,4,15,0.2,1,0
581,2017-08-08,14.0,4.0,10.0,8,5,16,0.0,0,0
582,2017-08-09,19.0,7.0,12.0,8,6,19,0.0,0,0
583,2017-08-10,10.0,7.0,10.0,8,7,17,0.0,0,0
584,2017-08-11,6.0,10.0,6.0,8,1,18,0.0,0,0
585,2017-08-12,4.0,12.0,8.0,8,2,18,0.0,0,0
586,2017-08-13,7.0,10.0,7.0,8,3,17,0.0,0,0
587,2017-08-14,7.0,6.0,11.0,8,4,19,0.2,1,0
588,2017-08-15,10.0,8.0,20.0,8,5,16,0.1,1,0
589,2017-08-16,12.0,7.0,11.0,8,6,16,0.0,0,0
590,2017-08-17,10.0,11.0,10.0,8,7,15,0.0,0,0
591,2017-08-18,6.0,20.0,5.0,8,1,16,0.2,1,0
592,2017-08-19,8.0,11.0,9.0,8,2,19,0.0,0,0
593,2017-08-20,7.0,10.0,8.0,8,3,19,0.0,0,0
594,2017-08-21,11.0,5.0,9.0,8,4,17,0.0,0,0
595,2017-08-22,20.0,9.0,13.0,8,5,18,0.0,0,0
596,2017-08-23,11.0,8.0,12.0,8,6,19,0.0,0,0
597,2017-08-24,10.0,9.0,11.0,8,7,20,0.0,0,0
598,2017-08-25,5.0,13.0,15.0,8,1,21,0.0,0,1
599,2017-08-26,9.0,12.0,10.0,8,2,20,0.0,0,0
600,2017-08-27,8.0,11.0,7.0,8,3,13,0.3,1,0
601,2017-08-28,9.0,15.0,7.0,8,4,14,0.1,1,0
602,2017-08-29,13.0,10.0,17.0,9,5,15,0.0,0,0
603,2017-08-30,12.0,7.0,14.0,9,6,16,0.0,0,0
604,2017-08-31,11.0,7.0,16.0,9,7,14,0.0,0,0
605,2017-09-01,15.0,17.0,5.0,9,1,17,0.2,1,0
606,2017-09-02,10.0,14.0,4.0,9,2,18,0.0,0,0
607,2017-09-03,7.0,16.0,6.0,9,3,15,0.0,0,0
608,2017-09-04,7.0,5.0,10.0,9,4,15,0.0,0,0
609,2017-09-05,17.0,4.0,16.0,9,5,15,0.2,1,0
610,2017-09-06,14.0,6.0,21.0,9,6,13,0.0,0,0
611,2017-09-07,16.0,10.0,7.0,9,7,13,0.0,0,0
612,2017-09-08,5.0,16.0,5.0,9,1,14,0.2,1,0
613,2017-09-09,4.0,21.0,4.0,9,2,14,0.0,0,0
614,2017-09-10,6.0,7.0,6.0,9,3,14,0.2,1,0
615,2017-09-11,10.0,5.0,8.0,9,4,12,0.0,0,0
616,2017-09-12,16.0,4.0,23.0,9,5,11,0.0,0,0
617,2017-09-13,21.0,6.0,16.0,9,6,12,0.0,0,0
618,2017-09-14,7.0,8.0,9.0,9,7,12,0.0,0,0
619,2017-09-15,5.0,23.0,6.0,9,1,13,0.0,0,0
620,2017-09-16,4.0,16.0,7.0,9,2,11,0.1,1,0
621,2017-09-17,6.0,9.0,8.0,9,3,13,0.0,0,0
622,2017-09-18,8.0,6.0,9.0,9,4,15,0.0,0,0
623,2017-09-19,23.0,7.0,17.0,9,5,13,0.0,0,0
624,2017-09-20,16.0,8.0,18.0,9,6,15,0.0,0,0
625,2017-09-21,9.0,9.0,11.0,9,7,16,0.0,0,0
626,2017-09-22,6.0,17.0,9.0,9,1,16,0.0,0,0
627,2017-09-23,7.0,18.0,10.0,9,2,16,0.0,0,0
628,2017-09-24,8.0,11.0,4.0,9,3,16,0.0,0,0
629,2017-09-25,9.0,9.0,13.0,9,4,16,0.6,1,0
630,2017-09-26,17.0,10.0,19.0,9,5,16,0.1,1,0
631,2017-09-27,18.0,4.0,12.0,9,6,14,0.0,0,0
632,2017-09-28,11.0,13.0,13.0,10,7,16,0.1,1,0
633,2017-09-29,9.0,19.0,6.0,10,1,15,0.0,0,0
634,2017-09-30,10.0,12.0,6.0,10,2,12,0.0,0,0
635,2017-10-01,4.0,13.0,10.0,10,3,12,0.0,0,0
636,2017-10-02,13.0,6.0,4.0,10,4,14,0.0,0,0
637,2017-10-03,19.0,6.0,15.0,10,5,11,0.0,0,0
638,2017-10-04,12.0,10.0,14.0,10,6,14,0.0,0,0
639,2017-10-05,13.0,4.0,17.0,10,7,13,0.0,0,0
640,2017-10-06,6.0,15.0,11.0,10,1,13,0.0,0,0
641,2017-10-07,6.0,14.0,10.0,10,2,14,0.0,0,0
642,2017-10-08,10.0,17.0,11.0,10,3,15,0.0,0,0
643,2017-10-09,4.0,11.0,6.0,10,4,13,0.0,0,0
644,2017-10-10,15.0,10.0,25.0,10,5,16,0.0,0,0
646,2017-10-12,17.0,6.0,7.0,10,7,15,0.0,0,0
647,2017-10-13,11.0,25.0,5.0,10,1,16,0.0,0,0
649,2017-10-15,11.0,7.0,3.0,10,3,13,0.1,1,0
650,2017-10-16,6.0,5.0,9.0,10,4,15,0.1,1,0
651,2017-10-17,25.0,7.0,12.0,10,5,13,0.0,0,0
653,2017-10-19,7.0,9.0,7.0,10,7,11,0.0,0,0
654,2017-10-20,5.0,12.0,7.0,10,1,13,0.0,0,0
655,2017-10-21,7.0,12.0,5.0,10,2,16,0.0,0,0
656,2017-10-22,3.0,7.0,8.0,10,3,15,0.0,0,0
657,2017-10-23,9.0,7.0,8.0,10,4,13,0.0,0,0
658,2017-10-24,12.0,5.0,19.0,10,5,12,0.0,0,0
659,2017-10-25,12.0,8.0,16.0,10,6,10,0.0,0,0
660,2017-10-26,7.0,8.0,7.0,10,7,12,0.0,0,0
661,2017-10-27,7.0,19.0,8.0,10,1,7,0.0,0,0
662,2017-10-28,5.0,16.0,10.0,10,2,10,0.0,0,0
663,2017-10-29,8.0,7.0,8.0,11,3,11,0.0,0,0
664,2017-10-30,8.0,8.0,7.0,11,4,9,0.0,0,0
665,2017-10-31,19.0,10.0,17.0,11,5,11,0.0,0,0
666,2017-11-01,16.0,8.0,17.0,11,6,11,0.2,1,0
667,2017-11-02,7.0,7.0,7.0,11,7,7,0.0,0,0
668,2017-11-03,8.0,17.0,8.0,11,1,6,0.0,0,0
669,2017-11-04,10.0,17.0,4.0,11,2,10,0.0,0,0
670,2017-11-05,8.0,7.0,7.0,11,3,7,0.2,1,0
671,2017-11-06,7.0,8.0,4.0,11,4,8,0.0,0,0
672,2017-11-07,17.0,4.0,14.0,11,5,10,0.0,0,0
673,2017-11-08,17.0,7.0,25.0,11,6,8,0.6,1,0
674,2017-11-09,7.0,4.0,7.0,11,7,7,0.1,1,0
675,2017-11-10,8.0,14.0,8.0,11,1,5,0.0,0,0
676,2017-11-11,4.0,25.0,9.0,11,2,9,0.0,0,0
677,2017-11-12,7.0,7.0,5.0,11,3,10,0.0,0,0
678,2017-11-13,4.0,8.0,7.0,11,4,11,0.0,0,0
679,2017-11-14,14.0,9.0,23.0,11,5,6,0.0,0,0
680,2017-11-15,25.0,5.0,21.0,11,6,7,0.1,1,0
681,2017-11-16,7.0,7.0,10.0,11,7,5,0.0,0,0
682,2017-11-17,8.0,23.0,5.0,11,1,10,0.0,0,0
683,2017-11-18,9.0,21.0,8.0,11,2,13,0.0,0,0
684,2017-11-19,5.0,10.0,12.0,11,3,14,0.0,0,0
685,2017-11-20,7.0,5.0,7.0,11,4,11,0.1,1,0
686,2017-11-21,23.0,8.0,17.0,11,5,6,0.0,0,0
688,2017-11-23,10.0,7.0,7.0,11,7,4,0.0,0,0
689,2017-11-24,5.0,17.0,6.0,11,1,8,0.0,0,0
691,2017-11-26,12.0,7.0,8.0,11,3,4,0.0,0,0
692,2017-11-27,7.0,6.0,6.0,11,4,2,0.0,0,0
693,2017-11-28,17.0,6.0,9.0,12,5,4,0.0,0,0
695,2017-11-30,7.0,6.0,16.0,12,7,8,0.0,0,0
696,2017-12-01,6.0,9.0,9.0,12,1,7,0.0,0,0
697,2017-12-02,6.0,18.0,7.0,12,2,8,0.0,0,0
698,2017-12-03,8.0,16.0,4.0,12,3,9,0.0,0,0
699,2017-12-04,6.0,9.0,9.0,12,4,9,0.0,0,0
702,2017-12-07,16.0,9.0,13.0,12,7,1,0.7,1,0
705,2017-12-10,4.0,13.0,12.0,12,3,6,0.2,1,0
706,2017-12-11,9.0,6.0,8.0,12,4,4,0.1,1,0
709,2017-12-14,13.0,8.0,21.0,12,7,4,0.1,1,0
710,2017-12-15,6.0,10.0,11.0,12,1,5,0.0,0,0
711,2017-12-16,8.0,22.0,12.0,12,2,4,0.0,0,0
712,2017-12-17,12.0,21.0,8.0,12,3,8,0.0,0,0
713,2017-12-18,8.0,11.0,18.0,12,4,10,0.0,0,0
714,2017-12-19,10.0,12.0,14.0,12,5,10,0.0,0,0
715,2017-12-20,22.0,8.0,11.0,12,6,9,0.0,0,0
716,2017-12-21,21.0,18.0,15.0,12,7,9,0.0,0,0
718,2017-12-23,12.0,11.0,10.0,12,2,6,0.2,1,1
719,2017-12-24,8.0,15.0,8.0,12,3,4,0.4,1,0
721,2017-12-26,14.0,10.0,15.0,12,5,5,0.3,1,0
722,2017-12-27,11.0,8.0,14.0,12,6,11,0.2,1,0
725,2017-12-30,10.0,14.0,11.0,1,2,7,0.2,1,0
727,2018-01-01,8.0,12.0,7.0,1,4,8,0.3,1,0
729,2018-01-03,14.0,3.0,19.0,1,6,4,0.0,0,0
732,2018-01-06,11.0,19.0,4.0,1,2,5,0.0,0,0
733,2018-01-07,3.0,12.0,6.0,1,3,7,0.0,0,0
734,2018-01-08,7.0,7.0,12.0,1,4,7,0.0,0,0
736,2018-01-10,19.0,6.0,20.0,1,6,6,0.0,0,0
737,2018-01-11,12.0,12.0,4.0,1,7,5,0.0,0,0
738,2018-01-12,7.0,17.0,4.0,1,1,8,0.2,1,0
739,2018-01-13,4.0,20.0,4.0,1,2,5,0.0,0,0
740,2018-01-14,6.0,4.0,4.0,1,3,5,0.0,0,0
741,2018-01-15,12.0,4.0,10.0,1,4,8,0.0,0,0
742,2018-01-16,17.0,4.0,21.0,1,5,4,0.0,0,0
743,2018-01-17,20.0,4.0,18.0,1,6,3,0.2,1,0
744,2018-01-18,4.0,10.0,14.0,1,7,3,0.4,1,0
745,2018-01-19,4.0,21.0,5.0,1,1,9,0.1,1,0
746,2018-01-20,4.0,18.0,5.0,1,2,10,0.0,0,0
747,2018-01-21,4.0,14.0,9.0,1,3,10,0.5,1,0
748,2018-01-22,10.0,5.0,7.0,1,4,7,0.0,0,0
749,2018-01-23,21.0,5.0,20.0,1,5,6,0.0,0,0
750,2018-01-24,18.0,9.0,19.0,1,6,7,0.0,0,0
751,2018-01-25,14.0,7.0,9.0,1,7,11,0.0,0,0
752,2018-01-26,5.0,20.0,6.0,1,1,10,0.0,0,0
753,2018-01-27,5.0,19.0,2.0,1,2,5,0.1,1,0
754,2018-01-28,9.0,9.0,9.0,1,3,7,0.1,1,0
755,2018-01-29,7.0,6.0,5.0,2,4,5,0.0,0,0
756,2018-01-30,20.0,2.0,25.0,2,5,5,0.0,0,0
757,2018-01-31,19.0,9.0,17.0,2,6,4,0.2,1,0
758,2018-02-01,9.0,5.0,11.0,2,7,4,0.0,0,0
759,2018-02-02,6.0,25.0,5.0,2,1,3,0.0,0,0
760,2018-02-03,2.0,17.0,6.0,2,2,2,0.0,0,0
761,2018-02-04,9.0,11.0,3.0,2,3,2,0.0,0,0
762,2018-02-05,5.0,5.0,6.0,2,4,3,0.0,0,0
763,2018-02-06,25.0,6.0,13.0,2,5,5,0.2,1,0
764,2018-02-07,17.0,3.0,13.0,2,6,4,0.1,1,0
765,2018-02-08,11.0,6.0,10.0,2,7,5,0.0,0,0
766,2018-02-09,5.0,13.0,3.0,2,1,3,0.0,0,0
767,2018-02-10,6.0,13.0,10.0,2,2,4,0.0,0,0
768,2018-02-11,3.0,10.0,18.0,2,3,4,0.1,1,0
769,2018-02-12,6.0,3.0,9.0,2,4,7,0.2,1,0
770,2018-02-13,13.0,10.0,16.0,2,5,5,0.0,0,0
771,2018-02-14,13.0,18.0,12.0,2,6,6,0.0,0,0
772,2018-02-15,10.0,9.0,3.0,2,7,6,0.0,0,0
773,2018-02-16,3.0,16.0,5.0,2,1,8,0.0,0,0
774,2018-02-17,10.0,12.0,7.0,2,2,8,0.0,0,0
775,2018-02-18,18.0,3.0,5.0,2,3,5,0.0,0,0
776,2018-02-19,9.0,5.0,4.0,2,4,3,0.0,0,0
777,2018-02-20,16.0,7.0,17.0,2,5,2,0.0,0,0
779,2018-02-22,3.0,4.0,12.0,2,7,2,0.0,0,0
780,2018-02-23,5.0,17.0,4.0,2,1,0,0.0,0,0
782,2018-02-25,5.0,12.0,7.0,2,3,-3,0.0,0,0
783,2018-02-26,4.0,4.0,6.0,3,4,-1,0.0,0,0
786,2018-03-01,12.0,6.0,10.0,3,7,6,0.0,0,0
788,2018-03-03,11.0,23.0,4.0,3,2,7,0.0,0,0
789,2018-03-04,7.0,10.0,1.0,3,3,6,0.1,1,0
790,2018-03-05,6.0,5.0,5.0,3,4,7,0.1,1,0
792,2018-03-07,23.0,1.0,10.0,3,6,11,0.2,1,0
793,2018-03-08,10.0,5.0,24.0,3,7,9,0.2,1,0
794,2018-03-09,5.0,21.0,7.0,3,1,9,0.1,1,0
795,2018-03-10,4.0,10.0,7.0,3,2,8,0.0,0,0
796,2018-03-11,1.0,24.0,6.0,3,3,8,0.0,0,0
797,2018-03-12,5.0,7.0,7.0,3,4,10,0.2,1,0
798,2018-03-13,21.0,7.0,14.0,3,5,10,0.0,0,0
799,2018-03-14,10.0,6.0,22.0,3,6,1,0.0,0,0
800,2018-03-15,24.0,7.0,13.0,3,7,0,0.0,0,0
801,2018-03-16,7.0,14.0,12.0,3,1,1,0.1,1,0
802,2018-03-17,7.0,22.0,6.0,3,2,5,0.0,0,0
803,2018-03-18,6.0,13.0,4.0,3,3,5,0.0,0,0
804,2018-03-19,7.0,12.0,13.0,3,4,7,0.0,0,0
805,2018-03-20,14.0,6.0,8.0,3,5,9,0.0,0,0
806,2018-03-21,22.0,4.0,17.0,3,6,8,0.1,1,0
807,2018-03-22,13.0,13.0,4.0,3,7,9,0.0,0,0
808,2018-03-23,12.0,8.0,8.0,3,1,9,0.0,0,0
809,2018-03-24,6.0,17.0,3.0,3,2,9,0.2,1,0
810,2018-03-25,4.0,4.0,14.0,3,3,6,0.4,1,0
811,2018-03-26,13.0,8.0,14.0,3,4,5,0.1,1,0
812,2018-03-27,8.0,3.0,13.0,3,5,6,0.5,1,1
813,2018-03-28,17.0,14.0,19.0,3,6,6,0.0,0,0
814,2018-03-29,4.0,14.0,8.0,4,7,6,0.0,0,0
815,2018-03-30,8.0,13.0,8.0,4,1,8,0.5,1,1
816,2018-03-31,3.0,19.0,5.0,4,2,11,0.1,1,0
817,2018-04-01,14.0,8.0,5.0,4,3,10,0.0,0,0
818,2018-04-02,14.0,8.0,11.0,4,4,8,0.0,0,0
819,2018-04-03,13.0,5.0,13.0,4,5,10,0.0,0,0
820,2018-04-04,19.0,5.0,22.0,4,6,12,0.0,0,0
821,2018-04-05,8.0,11.0,14.0,4,7,10,0.3,1,0
822,2018-04-06,8.0,13.0,3.0,4,1,9,0.3,1,0
823,2018-04-07,5.0,22.0,8.0,4,2,10,0.3,1,0
824,2018-04-08,5.0,14.0,4.0,4,3,9,0.2,1,0
825,2018-04-09,11.0,3.0,2.0,4,4,8,0.0,0,0
826,2018-04-10,13.0,8.0,24.0,4,5,9,0.0,0,0
827,2018-04-11,22.0,4.0,20.0,4,6,12,0.0,0,0
828,2018-04-12,14.0,2.0,5.0,4,7,12,0.0,0,0
829,2018-04-13,3.0,24.0,13.0,4,1,11,0.0,0,0
830,2018-04-14,8.0,20.0,9.0,4,2,14,0.0,0,0
831,2018-04-15,4.0,5.0,6.0,4,3,18,0.0,0,0
832,2018-04-16,2.0,13.0,15.0,4,4,20,0.0,0,0
833,2018-04-17,24.0,9.0,14.0,4,5,19,0.0,0,0
834,2018-04-18,20.0,6.0,24.0,4,6,17,0.0,0,0
835,2018-04-19,5.0,15.0,12.0,4,7,17,0.1,1,0
836,2018-04-20,13.0,14.0,7.0,4,1,12,0.0,0,0
837,2018-04-21,9.0,24.0,13.0,4,2,13,0.0,0,0
838,2018-04-22,6.0,12.0,6.0,4,3,11,0.0,0,0
853,2018-05-07,3.0,13.0,10.0,5,4,13,0.1,1,0
856,2018-05-10,4.0,10.0,24.0,5,7,13,0.1,1,0
857,2018-05-11,13.0,18.0,2.0,5,1,15,0.0,0,0
859,2018-05-13,5.0,24.0,8.0,5,3,13,0.0,0,0
860,2018-05-14,10.0,2.0,11.0,5,4,12,0.0,0,0
861,2018-05-15,18.0,5.0,8.0,5,5,12,0.0,0,0
863,2018-05-17,24.0,11.0,15.0,5,7,14,0.0,0,0
864,2018-05-18,2.0,8.0,6.0,5,1,16,0.0,0,0
865,2018-05-19,5.0,13.0,7.0,5,2,17,0.0,0,0
866,2018-05-20,8.0,15.0,7.0,5,3,14,0.0,0,0
867,2018-05-21,11.0,6.0,13.0,5,4,15,0.1,1,0
868,2018-05-22,8.0,7.0,18.0,5,5,16,0.0,0,0
869,2018-05-23,13.0,7.0,22.0,5,6,20,0.0,0,0
870,2018-05-24,15.0,13.0,14.0,5,7,20,0.7,1,0
871,2018-05-25,6.0,18.0,10.0,5,1,19,0.0,0,1
872,2018-05-26,7.0,22.0,14.0,5,2,15,0.2,1,0
873,2018-05-27,7.0,14.0,10.0,5,3,16,0.8,1,0
874,2018-05-28,13.0,10.0,11.0,5,4,18,0.0,0,0
875,2018-05-29,18.0,14.0,16.0,6,5,18,0.0,0,0
876,2018-05-30,22.0,10.0,19.0,6,6,18,0.0,0,0
877,2018-05-31,14.0,11.0,14.0,6,7,20,0.0,0,0
878,2018-06-01,10.0,16.0,12.0,6,1,16,0.0,0,0
879,2018-06-02,14.0,19.0,8.0,6,2,14,0.0,0,0
880,2018-06-03,10.0,14.0,11.0,6,3,15,0.0,0,0
881,2018-06-04,11.0,12.0,10.0,6,4,17,0.0,0,0
882,2018-06-05,16.0,8.0,14.0,6,5,18,0.0,0,0
883,2018-06-06,19.0,11.0,22.0,6,6,17,0.0,0,0
884,2018-06-07,14.0,10.0,17.0,6,7,17,0.0,0,0
885,2018-06-08,12.0,14.0,7.0,6,1,18,0.0,0,0
886,2018-06-09,8.0,22.0,10.0,6,2,15,0.0,0,0
887,2018-06-10,11.0,17.0,10.0,6,3,16,0.0,0,0
888,2018-06-11,10.0,7.0,13.0,6,4,17,0.0,0,0
889,2018-06-12,14.0,10.0,23.0,6,5,18,0.0,0,0
890,2018-06-13,22.0,10.0,24.0,6,6,16,0.0,0,0
891,2018-06-14,17.0,13.0,16.0,6,7,15,0.0,0,0
892,2018-06-15,7.0,23.0,7.0,6,1,19,0.0,0,0
893,2018-06-16,10.0,24.0,6.0,6,2,20,0.0,0,0
894,2018-06-17,10.0,16.0,4.0,6,3,19,0.0,0,0
895,2018-06-18,13.0,7.0,8.0,6,4,16,0.0,0,0
896,2018-06-19,23.0,6.0,18.0,6,5,16,0.0,0,0
897,2018-06-20,24.0,4.0,20.0,6,6,18,0.0,0,0
898,2018-06-21,16.0,8.0,15.0,6,7,20,0.0,0,0
899,2018-06-22,7.0,18.0,8.0,6,1,21,0.0,0,0
900,2018-06-23,6.0,20.0,5.0,6,2,21,0.0,0,0
901,2018-06-24,4.0,15.0,9.0,6,3,18,0.0,0,0
902,2018-06-25,8.0,8.0,8.0,6,4,19,0.0,0,0
903,2018-06-26,18.0,5.0,11.0,6,5,20,0.0,0,0
904,2018-06-27,20.0,9.0,12.0,6,6,20,0.0,0,0
905,2018-06-28,15.0,8.0,26.0,7,7,23,0.0,0,0
906,2018-06-29,8.0,11.0,11.0,7,1,23,0.0,0,0
907,2018-06-30,5.0,12.0,11.0,7,2,20,0.2,1,0
908,2018-07-01,9.0,26.0,8.0,7,3,19,0.0,0,0
909,2018-07-02,8.0,11.0,10.0,7,4,22,0.2,1,0
910,2018-07-03,11.0,11.0,21.0,7,5,23,0.0,0,0
911,2018-07-04,12.0,8.0,17.0,7,6,24,0.0,0,0
912,2018-07-05,26.0,10.0,7.0,7,7,23,0.0,0,0
913,2018-07-06,11.0,21.0,4.0,7,1,23,0.0,0,0
914,2018-07-07,11.0,17.0,11.0,7,2,18,0.0,0,0
915,2018-07-08,8.0,7.0,10.0,7,3,18,0.0,0,0
916,2018-07-09,10.0,4.0,9.0,7,4,19,0.0,0,0
917,2018-07-10,21.0,11.0,20.0,7,5,20,0.0,0,0
918,2018-07-11,17.0,10.0,19.0,7,6,21,0.1,1,0
919,2018-07-12,7.0,9.0,10.0,7,7,23,0.0,0,0
920,2018-07-13,4.0,20.0,3.0,7,1,23,0.0,0,0
921,2018-07-14,11.0,19.0,3.0,7,2,19,0.0,0,0
922,2018-07-15,10.0,10.0,18.0,7,3,20,0.1,1,0
923,2018-07-16,9.0,3.0,12.0,7,4,21,0.0,0,0
924,2018-07-17,20.0,3.0,15.0,7,5,21,0.0,0,0
925,2018-07-18,19.0,18.0,15.0,7,6,22,0.0,0,0
926,2018-07-19,10.0,12.0,6.0,7,7,23,0.0,0,0
927,2018-07-20,3.0,15.0,4.0,7,1,25,0.0,0,0
928,2018-07-21,3.0,15.0,12.0,7,2,24,0.0,0,0
929,2018-07-22,18.0,6.0,12.0,7,3,24,0.0,0,0
930,2018-07-23,12.0,4.0,15.0,7,4,26,0.0,0,0
931,2018-07-24,15.0,12.0,21.0,7,5,24,0.2,1,0
932,2018-07-25,15.0,12.0,25.0,7,6,19,0.0,0,0
933,2018-07-26,6.0,15.0,19.0,7,7,18,0.2,1,0
934,2018-07-27,4.0,21.0,7.0,7,1,20,0.0,0,0
935,2018-07-28,12.0,25.0,9.0,7,2,19,0.2,1,0
936,2018-07-29,12.0,19.0,9.0,8,3,20,0.0,0,0
937,2018-07-30,15.0,7.0,9.0,8,4,22,0.0,0,0
938,2018-07-31,21.0,9.0,17.0,8,5,25,0.0,0,0
939,2018-08-01,25.0,9.0,12.0,8,6,24,0.0,0,0
940,2018-08-02,19.0,9.0,10.0,8,7,22,0.0,0,0
941,2018-08-03,7.0,17.0,5.0,8,1,24,0.0,0,0
942,2018-08-04,9.0,12.0,13.0,8,2,23,0.0,0,0
943,2018-08-05,9.0,10.0,6.0,8,3,19,0.0,0,0
944,2018-08-06,9.0,5.0,7.0,8,4,15,0.5,1,0
945,2018-08-07,17.0,13.0,15.0,8,5,15,0.5,1,0
946,2018-08-08,12.0,6.0,23.0,8,6,15,0.0,0,0
947,2018-08-09,10.0,7.0,22.0,8,7,18,0.0,0,0
948,2018-08-10,5.0,15.0,4.0,8,1,19,0.0,0,0
949,2018-08-11,13.0,23.0,5.0,8,2,19,0.0,0,0
950,2018-08-12,6.0,22.0,11.0,8,3,19,0.0,0,0
951,2018-08-13,7.0,4.0,8.0,8,4,17,0.6,1,0
952,2018-08-14,15.0,5.0,26.0,8,5,17,0.0,0,0
953,2018-08-15,23.0,11.0,21.0,8,6,18,0.0,0,0
954,2018-08-16,22.0,8.0,19.0,8,7,20,0.0,0,0
955,2018-08-17,4.0,26.0,13.0,8,1,21,0.0,0,0
956,2018-08-18,5.0,21.0,10.0,8,2,21,0.0,0,0
957,2018-08-19,11.0,19.0,11.0,8,3,19,0.0,0,0
958,2018-08-20,8.0,13.0,9.0,8,4,19,0.0,0,0
959,2018-08-21,26.0,10.0,19.0,8,5,14,0.2,1,0
960,2018-08-22,21.0,11.0,20.0,8,6,13,0.2,1,0
961,2018-08-23,19.0,9.0,15.0,8,7,14,0.5,1,0
962,2018-08-24,13.0,19.0,21.0,8,1,16,0.0,0,1
963,2018-08-25,10.0,20.0,10.0,8,2,17,0.0,0,0
964,2018-08-26,11.0,15.0,19.0,8,3,16,0.2,1,0
965,2018-08-27,9.0,21.0,9.0,8,4,16,0.0,0,0
966,2018-08-28,19.0,10.0,12.0,8,5,16,0.0,0,0
967,2018-08-29,20.0,19.0,13.0,9,6,18,0.0,0,0
968,2018-08-30,15.0,9.0,13.0,9,7,17,0.0,0,0
969,2018-08-31,21.0,12.0,6.0,9,1,17,0.0,0,0
970,2018-09-01,10.0,13.0,14.0,9,2,16,0.0,0,0
971,2018-09-02,19.0,13.0,10.0,9,3,17,0.0,0,0
972,2018-09-03,9.0,6.0,10.0,9,4,16,0.0,0,0
973,2018-09-04,12.0,14.0,22.0,9,5,14,0.0,0,0
975,2018-09-06,13.0,10.0,12.0,9,7,18,0.0,0,0
976,2018-09-07,6.0,22.0,7.0,9,1,17,0.0,0,0
978,2018-09-09,10.0,12.0,8.0,9,3,14,0.1,1,0
979,2018-09-10,10.0,7.0,8.0,9,4,13,0.0,0,0
982,2018-09-13,12.0,8.0,19.0,9,7,18,0.0,0,0
985,2018-09-16,8.0,19.0,11.0,9,3,19,0.0,0,0
986,2018-09-17,8.0,7.0,8.0,9,4,19,0.0,0,0
989,2018-09-20,19.0,8.0,16.0,9,7,11,0.6,1,0
990,2018-09-21,7.0,20.0,8.0,9,1,9,0.0,0,0
992,2018-09-23,11.0,16.0,6.0,9,3,13,0.0,0,0
993,2018-09-24,8.0,8.0,10.0,9,4,15,0.0,0,0
994,2018-09-25,20.0,7.0,26.0,9,5,14,0.0,0,0
996,2018-09-27,16.0,10.0,14.0,9,7,11,0.0,0,0
997,2018-09-28,8.0,26.0,7.0,10,1,11,0.0,0,0
999,2018-09-30,6.0,14.0,11.0,10,3,15,0.0,0,0
1000,2018-10-01,10.0,7.0,9.0,10,4,13,0.0,0,0
1001,2018-10-02,26.0,6.0,18.0,10,5,15,0.0,0,0
1003,2018-10-04,14.0,9.0,17.0,10,7,10,0.0,0,0
1004,2018-10-05,7.0,18.0,5.0,10,1,11,0.0,0,0
1005,2018-10-06,6.0,23.0,7.0,10,2,14,0.0,0,0
1006,2018-10-07,11.0,17.0,12.0,10,3,16,0.0,0,0
1007,2018-10-08,9.0,5.0,16.0,10,4,17,0.1,1,0
1008,2018-10-09,18.0,7.0,21.0,10,5,18,0.0,0,0
1009,2018-10-10,23.0,12.0,24.0,10,6,21,0.0,0,0
1010,2018-10-11,17.0,16.0,14.0,10,7,14,0.4,1,0
1011,2018-10-12,5.0,21.0,6.0,10,1,13,0.8,1,0
1012,2018-10-13,7.0,24.0,9.0,10,2,16,0.0,0,0
1013,2018-10-14,12.0,14.0,10.0,10,3,13,0.0,0,0
1014,2018-10-15,16.0,6.0,15.0,10,4,13,0.0,0,0
1016,2018-10-17,24.0,10.0,22.0,10,6,11,0.0,0,0
1017,2018-10-18,14.0,15.0,11.0,10,7,13,0.0,0,0
1019,2018-10-20,9.0,22.0,5.0,10,2,10,0.0,0,0
1020,2018-10-21,10.0,11.0,9.0,10,3,13,0.0,0,0
1021,2018-10-22,15.0,7.0,4.0,10,4,10,0.0,0,0
1023,2018-10-24,22.0,9.0,25.0,10,6,5,0.0,0,0
1024,2018-10-25,11.0,4.0,19.0,10,7,6,0.2,1,0
1025,2018-10-26,7.0,24.0,7.0,10,1,5,0.0,0,0
1026,2018-10-27,5.0,25.0,5.0,10,2,7,0.0,0,0
1027,2018-10-28,9.0,19.0,10.0,10,3,7,0.0,0,0
1028,2018-10-29,4.0,7.0,13.0,11,4,9,0.4,1,0
1029,2018-10-30,24.0,5.0,25.0,11,5,5,0.0,0,0
1030,2018-10-31,25.0,10.0,22.0,11,6,9,0.0,0,0
1031,2018-11-01,19.0,13.0,16.0,11,7,10,0.0,0,0
1032,2018-11-02,7.0,25.0,12.0,11,1,11,0.0,0,0
1033,2018-11-03,5.0,22.0,7.0,11,2,13,0.0,0,0
1034,2018-11-04,10.0,16.0,18.0,11,3,12,0.2,1,0
1035,2018-11-05,13.0,12.0,12.0,11,4,10,0.0,0,0
1036,2018-11-06,25.0,7.0,18.0,11,5,10,0.0,0,0
1038,2018-11-08,16.0,12.0,13.0,11,7,10,0.7,1,0
1039,2018-11-09,12.0,18.0,11.0,11,1,10,0.4,1,0
1041,2018-11-11,18.0,13.0,10.0,11,3,11,0.0,0,0
1042,2018-11-12,12.0,11.0,11.0,11,4,12,0.0,0,0
1045,2018-11-15,13.0,11.0,14.0,11,7,10,0.0,0,0
1047,2018-11-17,10.0,22.0,9.0,11,2,10,0.0,0,0
1048,2018-11-18,10.0,14.0,12.0,11,3,10,0.0,0,0
1049,2018-11-19,11.0,8.0,4.0,11,4,4,0.0,0,0
1051,2018-11-21,22.0,12.0,22.0,11,6,8,0.0,0,0
1052,2018-11-22,14.0,4.0,18.0,11,7,7,0.0,0,0
1053,2018-11-23,8.0,18.0,5.0,11,1,7,0.0,0,0
1054,2018-11-24,9.0,22.0,6.0,11,2,6,0.1,1,0
1055,2018-11-25,12.0,18.0,9.0,11,3,12,0.1,1,0
1056,2018-11-26,4.0,5.0,8.0,11,4,12,0.1,1,0
1058,2018-11-28,22.0,9.0,25.0,12,6,10,0.2,1,0
1059,2018-11-29,18.0,8.0,17.0,12,7,13,0.0,0,0
1061,2018-12-01,6.0,25.0,8.0,12,2,6,0.0,0,0
1062,2018-12-02,9.0,17.0,8.0,12,3,10,0.3,1,0
1063,2018-12-03,8.0,7.0,10.0,12,4,12,0.0,0,0
1066,2018-12-06,17.0,10.0,12.0,12,7,9,0.0,0,0
1067,2018-12-07,7.0,24.0,11.0,12,1,7,0.0,0,0
1069,2018-12-09,8.0,12.0,11.0,12,3,6,0.0,0,0
1070,2018-12-10,10.0,11.0,17.0,12,4,3,0.0,0,0
1071,2018-12-11,24.0,5.0,23.0,12,5,3,0.0,0,0
1073,2018-12-13,12.0,17.0,14.0,12,7,6,0.1,1,0
1074,2018-12-14,11.0,23.0,8.0,12,1,7,0.2,1,0
1076,2018-12-16,11.0,14.0,9.0,12,3,8,0.2,1,0
1077,2018-12-17,17.0,8.0,12.0,12,4,8,0.0,0,0
1078,2018-12-18,23.0,9.0,24.0,12,5,11,0.2,1,0
1080,2018-12-20,14.0,12.0,22.0,12,7,9,0.1,1,0
1081,2018-12-21,8.0,24.0,21.0,12,1,6,0.1,1,0
1083,2018-12-23,9.0,22.0,12.0,12,3,8,0.0,0,1
1084,2018-12-24,12.0,21.0,8.0,12,4,5,0.0,0,0
1086,2018-12-26,26.0,12.0,13.0,12,6,10,0.0,0,0
1087,2018-12-27,22.0,8.0,16.0,12,7,9,0.0,0,0
1090,2018-12-30,12.0,16.0,8.0,1,3,5,0.0,0,0
1092,2019-01-01,18.0,14.0,21.0,1,5,3,0.0,0,0
1094,2019-01-03,16.0,8.0,8.0,1,7,7,0.0,0,0
1097,2019-01-06,8.0,8.0,3.0,1,3,4,0.0,0,0
1098,2019-01-07,8.0,4.0,9.0,1,4,4,0.0,0,0
1099,2019-01-08,21.0,12.0,17.0,1,5,7,0.0,0,0
1101,2019-01-10,8.0,9.0,12.0,1,7,10,0.0,0,0
1102,2019-01-11,4.0,17.0,6.0,1,1,8,0.0,0,0
1103,2019-01-12,12.0,24.0,6.0,1,2,7,0.0,0,0
1104,2019-01-13,3.0,12.0,8.0,1,3,7,0.1,1,0
1105,2019-01-14,9.0,6.0,11.0,1,4,4,0.0,0,0
1106,2019-01-15,17.0,6.0,22.0,1,5,3,0.0,0,0
1108,2019-01-17,12.0,11.0,8.0,1,7,2,0.0,0,0
1109,2019-01-18,6.0,22.0,4.0,1,1,2,0.0,0,0
1111,2019-01-20,8.0,8.0,5.0,1,3,1,0.1,1,0
1112,2019-01-21,11.0,4.0,14.0,1,4,1,0.0,0,0
1113,2019-01-22,22.0,6.0,22.0,1,5,6,0.0,0,0
1115,2019-01-24,8.0,14.0,17.0,1,7,6,0.3,1,0
1116,2019-01-25,4.0,22.0,8.0,1,1,3,0.0,0,0
1118,2019-01-27,5.0,17.0,13.0,1,3,1,0.2,1,0
1119,2019-01-28,14.0,8.0,16.0,1,4,0,0.0,0,0
1120,2019-01-29,22.0,6.0,26.0,2,5,2,0.3,1,0
1122,2019-01-31,17.0,16.0,12.0,2,7,2,0.0,0,0
1123,2019-02-01,8.0,26.0,11.0,2,1,7,0.2,1,0
1125,2019-02-03,13.0,12.0,9.0,2,3,9,0.2,1,0
1126,2019-02-04,16.0,11.0,16.0,2,4,8,0.1,1,0
1127,2019-02-05,26.0,12.0,20.0,2,5,9,0.2,1,0
1129,2019-02-07,12.0,16.0,13.0,2,7,6,0.0,0,0
1130,2019-02-08,11.0,20.0,3.0,2,1,5,0.0,0,0
1132,2019-02-10,9.0,13.0,5.0,2,3,8,0.0,0,0
1139,2019-02-17,5.0,7.0,10.0,2,3,9,0.0,0,0
1143,2019-02-21,7.0,7.0,14.0,2,7,9,0.0,0,0
1145,2019-02-23,7.0,25.0,3.0,2,2,10,0.0,0,0
1146,2019-02-24,10.0,14.0,10.0,2,3,10,0.0,0,0
1147,2019-02-25,7.0,6.0,10.0,2,4,9,0.0,0,0
1150,2019-02-28,14.0,10.0,14.0,3,7,11,0.1,1,0
1153,2019-03-03,10.0,14.0,8.0,3,3,10,0.2,1,0
1154,2019-03-04,10.0,5.0,10.0,3,4,8,0.0,0,0
1157,2019-03-07,14.0,10.0,22.0,3,7,7,0.4,1,0
1158,2019-03-08,5.0,23.0,5.0,3,1,7,0.1,1,0
1159,2019-03-09,11.0,20.0,11.0,3,2,7,0.4,1,0
1160,2019-03-10,8.0,22.0,10.0,3,3,8,0.0,0,0
1161,2019-03-11,10.0,5.0,7.0,3,4,10,0.3,1,0
1162,2019-03-12,23.0,11.0,24.0,3,5,12,0.2,1,0
1164,2019-03-14,22.0,7.0,14.0,3,7,6,0.2,1,0
1165,2019-03-15,5.0,24.0,6.0,3,1,7,0.0,0,0
1167,2019-03-17,10.0,14.0,13.0,3,3,11,0.0,0,0
1168,2019-03-18,7.0,6.0,9.0,3,4,11,0.0,0,0
1169,2019-03-19,24.0,13.0,19.0,3,5,10,0.0,0,0
1171,2019-03-21,14.0,9.0,16.0,3,7,9,0.0,0,0
1172,2019-03-22,6.0,19.0,3.0,3,1,9,0.0,0,0
1174,2019-03-24,13.0,16.0,12.0,3,3,10,0.0,0,0
1175,2019-03-25,9.0,3.0,20.0,3,4,11,0.0,0,0
1178,2019-03-28,16.0,20.0,22.0,3,7,9,0.0,0,0
1181,2019-03-31,12.0,22.0,7.0,4,3,5,0.0,0,0
1182,2019-04-01,20.0,6.0,8.0,4,4,6,0.0,0,0
1185,2019-04-04,22.0,8.0,14.0,4,7,9,0.0,0,0
1188,2019-04-07,7.0,14.0,7.0,4,3,8,0.0,0,0
1189,2019-04-08,8.0,10.0,12.0,4,4,7,0.0,0,0
1192,2019-04-11,14.0,12.0,25.0,4,7,6,0.0,0,0
1193,2019-04-12,10.0,25.0,12.0,4,1,9,0.0,0,0
1194,2019-04-13,7.0,25.0,12.0,4,2,11,0.0,0,0
1195,2019-04-14,7.0,25.0,16.0,4,3,12,0.0,0,0
1196,2019-04-15,12.0,12.0,11.0,4,4,14,0.0,0,0
1197,2019-04-16,25.0,12.0,21.0,4,5,16,0.0,0,1
1198,2019-04-17,25.0,16.0,18.0,4,6,16,0.0,0,0
1199,2019-04-18,25.0,11.0,17.0,4,7,16,0.0,0,0
1200,2019-04-19,12.0,21.0,14.0,4,1,16,0.0,0,1
1201,2019-04-20,12.0,18.0,8.0,4,2,15,0.0,0,0
1202,2019-04-21,16.0,17.0,6.0,4,3,14,0.0,0,0
1203,2019-04-22,11.0,14.0,10.0,4,4,12,0.0,0,0
1204,2019-04-23,21.0,8.0,16.0,4,5,11,0.0,0,0
1206,2019-04-25,17.0,10.0,15.0,4,7,10,0.0,0,0
1207,2019-04-26,14.0,16.0,10.0,4,1,10,0.0,0,0
1209,2019-04-28,6.0,15.0,14.0,5,3,12,0.0,0,0
1210,2019-04-29,10.0,10.0,11.0,5,4,12,0.1,1,0
1211,2019-04-30,16.0,11.0,23.0,5,5,10,0.2,1,0
1213,2019-05-02,15.0,11.0,26.0,5,7,8,0.0,0,0
1214,2019-05-03,10.0,23.0,19.0,5,1,9,0.0,0,1
1216,2019-05-05,14.0,26.0,8.0,5,3,11,0.3,1,0
1217,2019-05-06,11.0,19.0,8.0,5,4,10,0.2,1,0
1218,2019-05-07,23.0,8.0,22.0,5,5,11,0.1,1,0
1220,2019-05-09,26.0,8.0,23.0,5,7,11,0.0,0,0
1221,2019-05-10,19.0,22.0,11.0,5,1,11,0.0,0,0
1223,2019-05-12,8.0,23.0,9.0,5,3,13,0.0,0,0
1224,2019-05-13,8.0,11.0,21.0,5,4,9,0.0,0,0
1225,2019-05-14,22.0,9.0,21.0,5,5,9,0.0,0,0
1227,2019-05-16,23.0,21.0,22.0,5,7,15,0.0,0,0
1228,2019-05-17,11.0,21.0,12.0,5,1,16,0.0,0,0
1230,2019-05-19,9.0,22.0,11.0,5,3,16,0.0,0,0
1231,2019-05-20,21.0,12.0,11.0,5,4,17,0.0,0,0
1232,2019-05-21,21.0,9.0,17.0,5,5,17,0.0,0,0
1234,2019-05-23,22.0,11.0,19.0,5,7,17,0.0,0,0
1235,2019-05-24,12.0,17.0,18.0,5,1,14,0.0,0,1
1237,2019-05-26,11.0,19.0,6.0,5,3,13,0.0,0,0
1238,2019-05-27,11.0,18.0,4.0,5,4,18,0.0,0,0
1239,2019-05-28,17.0,15.0,24.0,5,5,17,0.0,0,0
1241,2019-05-30,19.0,4.0,13.0,6,7,21,0.0,0,0
1242,2019-05-31,18.0,24.0,5.0,6,1,16,0.0,0,0
1243,2019-06-01,15.0,19.0,18.0,6,2,14,0.1,1,0
1244,2019-06-02,6.0,13.0,9.0,6,3,15,0.0,0,0
1245,2019-06-03,4.0,5.0,7.0,6,4,14,0.0,0,0
1247,2019-06-05,19.0,9.0,24.0,6,6,14,0.2,1,0
1248,2019-06-06,13.0,7.0,16.0,6,7,14,0.0,0,0
1250,2019-06-08,18.0,24.0,10.0,6,2,13,0.3,1,0
1251,2019-06-09,9.0,16.0,9.0,6,3,13,0.2,1,0
1252,2019-06-10,7.0,7.0,10.0,6,4,13,0.2,1,0
1254,2019-06-12,24.0,9.0,24.0,6,6,15,0.0,0,0
1255,2019-06-13,16.0,10.0,23.0,6,7,15,0.0,0,0
1256,2019-06-14,7.0,19.0,16.0,6,1,17,0.0,0,0
1257,2019-06-15,10.0,24.0,7.0,6,2,16,0.2,1,0
1258,2019-06-16,9.0,23.0,10.0,6,3,16,0.1,1,0
1259,2019-06-17,10.0,16.0,9.0,6,4,16,0.0,0,0
1260,2019-06-18,19.0,7.0,21.0,6,5,16,0.0,0,0
1261,2019-06-19,24.0,10.0,23.0,6,6,16,0.0,0,0
1262,2019-06-20,23.0,9.0,16.0,6,7,18,0.0,0,0
1263,2019-06-21,16.0,21.0,11.0,6,1,21,0.0,0,0
1264,2019-06-22,7.0,23.0,7.0,6,2,20,0.3,1,0
1265,2019-06-23,10.0,16.0,8.0,6,3,17,0.0,0,0
1266,2019-06-24,9.0,11.0,6.0,6,4,17,0.0,0,0
1267,2019-06-25,21.0,7.0,25.0,6,5,17,0.0,0,0
1268,2019-06-26,23.0,8.0,21.0,6,6,24,0.0,0,0
1269,2019-06-27,16.0,6.0,16.0,6,7,20,0.0,0,0
1270,2019-06-28,11.0,25.0,7.0,7,1,18,0.0,0,0
1271,2019-06-29,7.0,21.0,15.0,7,2,17,0.0,0,0
1272,2019-06-30,8.0,16.0,6.0,7,3,18,0.0,0,0
1273,2019-07-01,6.0,7.0,11.0,7,4,19,0.0,0,0
1274,2019-07-02,25.0,15.0,23.0,7,5,21,0.0,0,0
1276,2019-07-04,16.0,11.0,14.0,7,7,17,0.2,1,0
1277,2019-07-05,7.0,23.0,9.0,7,1,18,0.0,0,0
1279,2019-07-07,6.0,14.0,6.0,7,3,21,0.0,0,0
1280,2019-07-08,11.0,9.0,12.0,7,4,21,0.0,0,0
1281,2019-07-09,23.0,9.0,18.0,7,5,21,0.0,0,0
1283,2019-07-11,14.0,12.0,19.0,7,7,17,0.1,1,0
1284,2019-07-12,9.0,18.0,9.0,7,1,17,0.0,0,0
1285,2019-07-13,9.0,21.0,17.0,7,2,19,0.0,0,0
1286,2019-07-14,6.0,19.0,7.0,7,3,20,0.0,0,0
1287,2019-07-15,12.0,9.0,11.0,7,4,19,0.1,1,0
1289,2019-07-17,21.0,7.0,24.0,7,6,19,0.6,1,0
1290,2019-07-18,19.0,11.0,18.0,7,7,18,0.0,0,0
1292,2019-07-20,17.0,24.0,9.0,7,2,24,0.0,0,0
1293,2019-07-21,7.0,18.0,8.0,7,3,26,0.0,0,0
1294,2019-07-22,11.0,5.0,12.0,7,4,28,0.0,0,0
1296,2019-07-24,24.0,8.0,25.0,7,6,18,0.6,1,0
1297,2019-07-25,18.0,12.0,18.0,7,7,18,0.0,0,0
1299,2019-07-27,9.0,25.0,14.0,7,2,18,0.1,1,0
1300,2019-07-28,8.0,18.0,14.0,7,3,19,0.0,0,0
1301,2019-07-29,12.0,9.0,11.0,8,4,20,0.0,0,0
1303,2019-07-31,25.0,14.0,24.0,8,6,20,0.0,0,0
